Sum, Probability
2,0.02813
3,0.05465
4,0.08245
5,0.11033
6,0.13848
7,0.16929
8,0.13861
9,0.11009
10,0.08442
11,0.05613
12,0.02742
